Question,Answer
"What are the admission requirements?","You need previous academic certificates, identification documents, and a completed application form."
"How do I apply for admission?","You can apply through the university online portal during the admission window."
"What documents are needed for admission?","You need academic transcripts, identity proof, passport-size photographs, and application fees."
"Is there an application fee for admission?","Yes, an application fee is required before your application is processed."
"Can I apply for more than one program?","You may apply for multiple programs if you meet the eligibility requirements."
"How can I check my admission status?","You can check your admission status through the student portal using your application number."
"When does the academic year start?","The academic year begins at the start of the semester, as stated in the academic calendar."
"How do I register for courses?","Students can register for courses through the student portal during the registration period."
"What is the registration deadline?","Registration deadlines are announced on the academic calendar and student portal."
"Can I change my course registration?","Yes, course registration changes may be allowed within the add-drop period."
"How many credits are required for graduation?","The required number of credits depends on your program and academic plan."
"When do examinations take place?","Examinations are scheduled according to the semester timetable released by the university."
"How do I access my exam timetable?","You can view the timetable on the student portal or the examination office notice board."
"What should I do if I miss an exam?","You should contact the examination office immediately and follow the documented absence procedure."
"How do I apply for graduation?","Graduation applications are submitted through the student portal before the deadline."
"When will I receive my degree certificate?","Degree certificates are issued after graduation clearance and convocation processing."
"What services does the library provide?","The library offers books, journals, study rooms, electronic databases, and research support."
"How can I borrow books from the library?","You can borrow books using your student ID card at the circulation desk."
"Can I access library resources online?","Yes, registered students can access many library resources online through the library portal."
"How do I report a lost library book?","Report a lost book to the librarian and follow the replacement fee procedure."
"What hostel services are available?","Hostels provide furnished rooms, Wi-Fi, laundry, security, and dining services."
"How do I apply for hostel accommodation?","Hostel applications are submitted through the student affairs office or student portal."
"Can I request a room change?","Room changes may be allowed based on availability and hostel policy."
"What are the campus facilities?","Campus facilities include laboratories, sports fields, cafeterias, gyms, and medical centers."
"How do I contact student services?","You can contact student services through the student affairs office or the university website."
"What financial aid options are available?","Financial aid includes scholarships, bursaries, work-study programs, and fee payment plans."
"How can I pay tuition fees?","Tuition fees can be paid through the online payment portal or designated banks."
"When is the tuition fee deadline?","Fee deadlines are listed in the academic calendar and student account portal."
"Can I get a tuition fee waiver?","Fee waivers may be available for eligible students through scholarship or hardship programs."
"How do I update my personal information?","You can update your personal information through the student portal under profile settings."
"What should I do if I forget my password?","Use the password reset option on the student portal or contact the IT support desk."
"How do I activate my student email account?","Student email accounts are activated after successful registration and portal verification."
"How can I access my academic transcript?","Academic transcripts can be requested through the registrar's office or student portal."
"What is the student portal used for?","The student portal is used for registration, fee payments, results, and announcements."
"How do I request a transcript?","Submit a transcript request through the registrar's office or online request form."
"How do I apply for a scholarship?","Scholarship applications are submitted through the scholarship office or university portal."
"What are the scholarship eligibility requirements?","Eligibility depends on academic merit, financial need, or program-specific criteria."
"How do I request a leave of absence?","Leave of absence requests must be submitted to the academic advisor or registrar."
"Can I defer my admission?","Admission deferral is possible in some cases with approval from the admissions office."
"What is the attendance policy?","Attendance requirements vary by course and are listed in the syllabus."
"How do I get a student ID card?","Student ID cards are issued after registration and identity verification."
"What if my student ID card is lost?","Report the loss immediately and apply for a replacement card through student services."
"How do I access Wi-Fi on campus?","Campus Wi-Fi is available to registered students using their university credentials."
"Where is the medical center located?","The medical center is located near the main campus administration building."
"How do I book a sports facility?","Sports facilities can be booked through the athletics office or student portal."
"Are there computer labs on campus?","Yes, the university provides computer labs for academic and research use."
"How can I get help with academic advising?","You can meet with an academic advisor through the advising office or portal."
"How do I withdraw from a course?","Course withdrawal requests are submitted through the registration office before the deadline."
"What is the deadline for course withdrawal?","Withdrawal deadlines are published in the academic calendar and course schedule."
"Can I repeat a failed course?","Yes, students may repeat failed courses according to academic regulations."
"How do I view my grades?","Grades are available on the student portal after the lecturer publishes them."
"How do I apply for a recheck of an exam result?","An exam recheck request can be submitted to the examination office within the stated period."
"What is the plagiarism policy?","The university policy prohibits plagiarism and enforces academic integrity rules."
"How do I access online learning resources?","Online learning resources are available through the learning management system."
"What is the learning management system?","The learning management system hosts course materials, assignments, and discussion forums."
"How do I submit an assignment?","Assignments are submitted through the learning management system before the deadline."
"What if I cannot submit an assignment on time?","Contact your instructor as soon as possible to discuss possible extensions."
"How do I request a certificate of enrollment?","Certificate requests can be made through the registrar's office or student portal."
"How do I apply for an internship?","Internship applications are handled through the career services office."
"What career services are available?","Career services include resume support, internships, job postings, and recruitment events."
"How do I contact the admissions office?","The admissions office can be contacted through their official email or phone number."
"How can I change my major?","Major changes are processed through the academic advising office after approval."
"What is the student handbook?","The student handbook contains policies, procedures, and campus regulations."
"How do I report a maintenance issue?","Maintenance issues can be reported through the facilities office or campus help desk."
"How do I get a parking permit?","Parking permits are issued through the security office upon request."
"Where can I buy textbooks?","Textbooks are available at the university bookstore and online store."
"How do I register for orientation?","Orientation registration is completed through the student affairs office or portal."
"What is included in orientation?","Orientation usually includes campus tours, policy briefings, and student support information."
"How do I apply for a dormitory room?","Dormitory applications are submitted through the hostel management office."
"What are the hostel rules?","Hostel rules include quiet hours, visitor policies, and cleanliness expectations."
"How do I request a medical appointment?","Medical appointments can be arranged through the campus medical center."
"How do I get a bus pass?","Bus passes are issued through the transport office or student affairs office."
"Are there disability support services?","Yes, the university offers disability support services and accommodations."
"How do I receive academic support?","Academic support is available through tutoring centers and academic advising."
"What is the procedure for transferring credits?","Transfer credit requests are reviewed by the registrar's office."
"How do I check the academic calendar?","The academic calendar is published on the university website and student portal."
"How do I contact the IT help desk?","The IT help desk can be reached through the university support portal."
"What should I do if I lose my phone?","Report the loss to security and student services as soon as possible."
"How do I obtain a duplicate receipt?","Duplicate receipts can be requested through the finance office or student portal."
"How do I join a student club?","Student clubs can be joined through the student affairs office or club portal."
"What clubs are available on campus?","Campus clubs include sports, debate, cultural, and technology groups."
"How do I access the e-library?","The e-library can be accessed using your student login credentials."
"How do I reset my portal password?","Use the password reset link on the portal login page or contact IT support."
"Can I use the library during weekends?","Yes, the library usually operates on weekends with limited hours."
"What are the library opening hours?","Library opening hours are posted on the library website and notice board."
"How do I request a reference letter?","Reference letters are requested through the relevant department or faculty office."
"How do I know my graduation eligibility?","Graduation eligibility is checked by the registrar after your academic records are reviewed."
"What documents are needed for graduation?","You may need your student ID, clearance forms, and final fee receipts."
"How do I receive exam results?","Exam results are released through the student portal and notice boards."
"How do I change my contact information?","Contact information can be updated in the student profile section of the portal."
"How do I report an academic concern?","Academic concerns can be reported to the department chair or academic advisor."
"What is the procedure for student discipline cases?","Discipline cases follow the student conduct policy and are handled by the student affairs office."
"How do I apply for a residence permit?","Residence permits are processed through the international office for eligible students."
"How do I get help with accommodation issues?","Accommodation issues can be addressed through the hostel management office."
"How do I open a student account?","Student accounts are opened after registration at the finance office."
"How do I pay for accommodation?","Accommodation fees can be paid through the university payment portal."
"How do I request a study room?","Study rooms can be booked through the library circulation desk or online."
"How do I get a transcript for visa purposes?","Official transcripts can be requested through the registrar with the required documents."
"What is the campus shuttle schedule?","Shuttle schedules are posted on the transport office notice board or website."
"Where can I report a safety concern?","Safety concerns should be reported to security services immediately."
"Can I use the gym facilities?","Yes, registered students can use gym facilities with a valid student ID."
"How do I become a student ambassador?","Student ambassador applications are available through the student affairs office."
"How do I access course syllabi?","Course syllabi are shared through the learning management system or department pages."
"How do I check my fee balance?","Your fee balance is available on the student account portal."
"How do I request a fee statement?","Fee statements can be requested through the finance office."
"Where can I find campus maps?","Campus maps are available on the university website and student portal."
"How do I report a lost ID card?","Report a lost ID card to student services and apply for a replacement."
"How do I get help with mental health support?","Mental health support is available through the university counseling center."
"What support is available for international students?","International students can access visa support, orientation, and international office services."
"How do I update my mailing address?","Update your mailing address in the profile section of the student portal."
"How do I request a certificate of completion?","Certificate requests are submitted through the registrar's office."
"How do I check seminar schedules?","Seminar schedules are posted on the department notice boards and portal."
"How do I reserve a laboratory?","Laboratory reservations are handled through the department or lab coordinator."
"How do I access the research repository?","The research repository is available through the university library portal."
"How do I enroll in a minor program?","Minor program enrollment requests are submitted through academic advising."
"How do I get a graduation gown?","Graduation gowns are issued through the convocation office before the ceremony."
"How do I check the ranking of my program?","Program rankings are published on the university website or academic reports."
"How do I apply for a visa letter?","Visa letters can be requested through the international office."
"How do I request a duplicate certificate?","Duplicate certificates can be requested from the registrar after providing identification."
"What is the language support service?","Language support services help students improve academic and communication skills."
"How do I access the counseling center?","Counseling appointments are arranged through the student wellness office."
"How do I report a bug in the portal?","Portal issues can be reported to the IT help desk with screenshots and details."
"How do I apply for student leadership roles?","Student leadership roles are announced through campus offices and the student portal."
"How do I access historical exam papers?","Past exam papers can be found in the library portal or course pages."
"How do I request a change of email address?","Email address changes can be updated in the student account settings."
"How do I participate in convocation?","Convocation participation is confirmed through the graduation office after registration."
"How do I get my results by email?","Results may be emailed upon request through the registrar's office."